<?xml version="1.0" encoding="UTF-8" standalone="no"?>
<!-- Generated Jan 29, 2025, 10:03:18 AM by Hibernate Tools 6.5.1.Final --><!DOCTYPE hibernate-mapping PUBLIC "-//Hibernate/Hibernate Mapping DTD 3.0//EN" "http://www.hibernate.org/dtd/hibernate-mapping-3.0.dtd">
<hibernate-mapping>
    <class name="modelo.Departamento" optimistic-lock="none" table="departamento">
        <id name="idDepto" type="int">
            <column name="id_depto"/>
            <generator class="assigned"/>
        </id>
        <many-to-one class="modelo.Sede" fetch="select" name="sede">
            <column name="id_sede" not-null="true"/>
        </many-to-one>
        <property name="nomDepto" type="string">
            <column length="32" name="nom_depto" not-null="true"/>
        </property>
        <set fetch="select" inverse="true" lazy="true" name="empleados" table="empleado">
            <key>
                <column name="id_depto" not-null="true"/>
            </key>
            <one-to-many class="modelo.Empleado"/>
        </set>
    </class>
</hibernate-mapping>
