<?xml version="1.0" encoding="UTF-8" standalone="no"?>
<!-- Generated Jan 29, 2025, 10:03:18 AM by Hibernate Tools 6.5.1.Final --><!DOCTYPE hibernate-mapping PUBLIC "-//Hibernate/Hibernate Mapping DTD 3.0//EN" "http://www.hibernate.org/dtd/hibernate-mapping-3.0.dtd">
<hibernate-mapping>
    <class name="modelo.EmpleadoDatosProf" optimistic-lock="none" table="empleado_datos_prof">
        <id name="dni" type="string">
            <column length="9" name="dni"/>
            <generator class="foreign">
            	<param name="property">empleado</param>
            </generator>
        </id>
        <one-to-one class="modelo.Empleado" constrained="true" name="empleado"/>
        <property name="categoria" type="string">
            <column length="45" name="categoria" not-null="true"/>
        </property>
        <property name="sueldoBrutoAnual" type="big_decimal">
            <column name="sueldo_bruto_anual" precision="8" scale="2"/>
        </property>
    </class>
</hibernate-mapping>
