<?xml version="1.0" encoding="UTF-8" standalone="no"?>
<!-- Generated Jan 29, 2025, 10:03:18 AM by Hibernate Tools 6.5.1.Final --><!DOCTYPE hibernate-mapping PUBLIC "-//Hibernate/Hibernate Mapping DTD 3.0//EN" "http://www.hibernate.org/dtd/hibernate-mapping-3.0.dtd">
<hibernate-mapping>
    <class name="modelo.Proyecto" optimistic-lock="none" table="proyecto">
        <id name="idProy" type="java.lang.Integer">
            <column name="id_proy"/>
            <generator class="identity"/>
        </id>
        <property name="FInicio" type="date">
            <column length="10" name="f_inicio" not-null="true"/>
        </property>
        <property name="FFin" type="date">
            <column length="10" name="f_fin"/>
        </property>
        <property name="nomProy" type="string">
            <column length="20" name="nom_proy" not-null="true"/>
        </property>
        <set fetch="select" inverse="true" lazy="true" name="proyectoSedes" table="proyecto_sede">
            <key>
                <column name="id_proy" not-null="true"/>
            </key>
            <one-to-many class="modelo.ProyectoSede"/>
        </set>
    </class>
</hibernate-mapping>
