<?xml version="1.0" encoding="UTF-8" standalone="no"?>
<!-- Generated Jan 29, 2025, 10:03:18 AM by Hibernate Tools 6.5.1.Final --><!DOCTYPE hibernate-mapping PUBLIC "-//Hibernate/Hibernate Mapping DTD 3.0//EN" "http://www.hibernate.org/dtd/hibernate-mapping-3.0.dtd">
<hibernate-mapping>
    <class name="modelo.ProyectoSede" optimistic-lock="none" table="proyecto_sede">
        <composite-id class="modelo.ProyectoSedeId" name="id">
            <key-property name="idProy" type="int">
                <column name="id_proy"/>
            </key-property>
            <key-property name="idSede" type="int">
                <column name="id_sede"/>
            </key-property>
        </composite-id>
        <many-to-one class="modelo.Proyecto" fetch="select" insert="false" name="proyecto" update="false">
            <column name="id_proy" not-null="true"/>
        </many-to-one>
        <many-to-one class="modelo.Sede" fetch="select" insert="false" name="sede" update="false">
            <column name="id_sede" not-null="true"/>
        </many-to-one>
        <property name="FInicio" type="date">
            <column length="10" name="f_inicio" not-null="true"/>
        </property>
        <property name="FFin" type="date">
            <column length="10" name="f_fin"/>
        </property>
    </class>
</hibernate-mapping>
