<?xml version="1.0" encoding="UTF-8" standalone="no"?>
<!-- Generated Jan 29, 2025, 10:03:18 AM by Hibernate Tools 6.5.1.Final --><!DOCTYPE hibernate-mapping PUBLIC "-//Hibernate/Hibernate Mapping DTD 3.0//EN" "http://www.hibernate.org/dtd/hibernate-mapping-3.0.dtd">
<hibernate-mapping>
    <class name="modelo.Sede" optimistic-lock="none" table="sede">
        <id name="idSede" type="int">
            <column name="id_sede"/>
            <generator class="identity"/>
        </id>
        <property name="nomSede" type="string">
            <column length="20" name="nom_sede" not-null="true"/>
        </property>
        <set fetch="select" inverse="true" lazy="true" name="departamentos" table="departamento">
            <key>
                <column name="id_sede" not-null="true"/>
            </key>
            <one-to-many class="modelo.Departamento"/>
        </set>
        <set fetch="select" inverse="true" lazy="true" name="proyectoSedes" table="proyecto_sede">
            <key>
                <column name="id_sede" not-null="true"/>
            </key>
            <one-to-many class="modelo.ProyectoSede"/>
        </set>
    </class>
</hibernate-mapping>
